"nrule","aa","half_life","2011_v_cyto","stab_cyto","2011_v_mito"
"R","Arg",1,"destab",0,"destab"
"I","Ile",20,"destab",0,"NA"
"F","Phe","1.1","destab",0,"destab"
"K","Lys","1.3","destab",0,"destab"
"Y","Tyr","2.8","destab",0,"destab"
"W","Trp","2.8","destab",0,"destab"
"H","His","3.5","destab",0,"NA"
"L","Leu","5.5","destab",0,"destab"
"E","Glu",1,"destab",0,"destab"
"D","Asp","1.1","destab",0,"destab"
"C","Cys","1.2","destab",0,"NA"
"Q","Gln","0.8","destab",0,"NA"
"N","Asn","1.4","destab",0,"NA"
"M","Met",30,"cond_destab",1,"NA"
"V","Val",100,"cond_destab",1,"NA"
"S","Ser","1.9","cond_destab",1,"NA"
"A","Ala","4.4","cond_destab",1,"NA"
"T","Thr","7.2","cond_destab",1,"NA"
"P","Pro",20,"stab",2,"NA"
"G","Gly",30,"stab",2,"NA"
